Question,Generated Answer,Topic,BLEU Score,ROUGE Score,IndoBERT Similarity,Inference Time
Kapan Borobudur mulai dikenal dalam dunia ilmu pengetahuan modern?,"Menurut potongan konteks yang diberikan, Borobudur mulai dikenal dalam dunia ilmu pengetahuan modern menjelang tahun 1814.",Sejarah,"{'bleu': 0.6341922683775969, 'precisions': [0.6666666666666666, 0.6470588235294118, 0.625, 0.6], 'brevity_penalty': 1.0, 'length_ratio': 1.5, 'translation_length': 18, 'reference_length': 12}","{'rouge1': np.float64(0.8148148148148148), 'rouge2': np.float64(0.8), 'rougeL': np.float64(0.8148148148148148), 'rougeLsum': np.float64(0.8148148148148148)}",0.883692741394043,0.23695898056030273
Siapa yang memerintahkan penyelidikan di Borobudur pada masa pemerintahan Inggris?,"Menurut informasi yang ada, Letnan Gubernur Jenderal Inggris pada masa pemerintahan Inggris yang singkat (1811-1816) adalah Sir Thomas Stamford Raffles. Ia yang menugasi seorang insinyur untuk melakukan penyelidikan di Borobudur.",Sejarah,"{'bleu': 0.4667662002926809, 'precisions': [0.6486486486486487, 0.5277777777777778, 0.42857142857142855, 0.3235294117647059], 'brevity_penalty': 1.0, 'length_ratio': 1.4230769230769231, 'translation_length': 37, 'reference_length': 26}","{'rouge1': np.float64(0.7450980392156863), 'rouge2': np.float64(0.6122448979591837), 'rougeL': np.float64(0.47058823529411764), 'rougeLsum': np.float64(0.47058823529411764)}",0.9154906272888184,0.2788705825805664
Berapa banyak orang yang terlibat dalam proses pembersihan dan penggalian Borobudur?,"Menurut teks yang Anda berikan, ada 200 orang yang terlibat dalam proses pembersihan dan penggalian Borobudur.",Sejarah,"{'bleu': 0.23588314657186568, 'precisions': [0.6666666666666666, 0.4117647058823529, 0.3125, 0.26666666666666666], 'brevity_penalty': 0.6065306597126334, 'length_ratio': 0.6666666666666666, 'translation_length': 18, 'reference_length': 27}","{'rouge1': np.float64(0.5), 'rouge2': np.float64(0.3684210526315789), 'rougeL': np.float64(0.45), 'rougeLsum': np.float64(0.45)}",0.7401320934295654,0.23532748222351074
Kapan Borobudur akhirnya dapat dilihat dalam keadaan yang lebih jelas?,"Pertanyaanmu sangat menarik! Menurut konteks yang diberikan, Borobudur akhirnya dapat dilihat dalam keadaan yang lebih jelas pada tahun 1891, setelah proses penggalian dan pengubahan yang dilakukan pada tahun 1890-1891. Pada tahun itu, panel-panel relief yang terpendam selama berabad-abad akhirnya dapat dilihat dengan jelas, setelah kaki candi yang terselubung dibuka.",Sejarah,"{'bleu': 0.18888081975879, 'precisions': [0.3103448275862069, 0.17543859649122806, 0.16071428571428573, 0.14545454545454545], 'brevity_penalty': 1.0, 'length_ratio': 2.1481481481481484, 'translation_length': 58, 'reference_length': 27}","{'rouge1': np.float64(0.4155844155844156), 'rouge2': np.float64(0.26666666666666666), 'rougeL': np.float64(0.3896103896103896), 'rougeLsum': np.float64(0.3896103896103896)}",0.6413529515266418,0.3751518726348877
Apa yang dilakukan dengan panel-panel relief yang terpendam di Borobudur setelah bagian kaki candi dibuka?,"Setelah bagian kaki candi Borobudur dibuka, panel-panel relief yang terpendam dipotret sebelum 12.000 meter kubik batu tersebut ditata kembali.",Sejarah,"{'bleu': 0.6812974673978668, 'precisions': [0.9523809523809523, 0.85, 0.7894736842105263, 0.7222222222222222], 'brevity_penalty': 0.8265654376242381, 'length_ratio': 0.84, 'translation_length': 21, 'reference_length': 25}","{'rouge1': np.float64(0.888888888888889), 'rouge2': np.float64(0.7906976744186046), 'rougeL': np.float64(0.888888888888889), 'rougeLsum': np.float64(0.888888888888889)}",0.8573630452156067,0.24195241928100586
Apakah ada bukti tertulis yang menjelaskan siapakah yang membangun Borobudur dan apa kegunaannya?,"Maaf, saya tidak menemukan bukti tertulis yang menjelaskan siapakah yang membangun Borobudur dan apa kegunaannya. Informasi yang tersedia hanya berupa perkiraan berdasarkan perbandingan aksara dan kurun waktu pembangunan.",Sejarah,"{'bleu': 0.3541558057823879, 'precisions': [0.3870967741935484, 0.36666666666666664, 0.3448275862068966, 0.32142857142857145], 'brevity_penalty': 1.0, 'length_ratio': 2.2142857142857144, 'translation_length': 31, 'reference_length': 14}","{'rouge1': np.float64(0.5853658536585366), 'rouge2': np.float64(0.5128205128205128), 'rougeL': np.float64(0.5853658536585366), 'rougeLsum': np.float64(0.5853658536585366)}",0.836794376373291,0.4688279628753662
Bagaimana waktu pembangunannya Borobudur diperkirakan?,Waktu pembangunannya diperkirakan berdasarkan perbandingan antara jenis aksara yang tertulis di kaki tertutup Karmawibhangga dengan jenis aksara yang lazim digunakan pada prasasti kerajaan abad ke-8 dan ke-9.,Sejarah,"{'bleu': 0.9175892332235633, 'precisions': [1.0, 0.9629629629629629, 0.9230769230769231, 0.92], 'brevity_penalty': 0.9649159443723702, 'length_ratio': 0.9655172413793104, 'translation_length': 28, 'reference_length': 29}","{'rouge1': np.float64(0.983050847457627), 'rouge2': np.float64(0.9473684210526316), 'rougeL': np.float64(0.983050847457627), 'rougeLsum': np.float64(0.983050847457627)}",0.8719570636749268,0.2961246967315674
Kapan Borobudur diperkirakan dibangun?,Diperkirakan Borobudur dibangun sekitar tahun 800 masehi.,Sejarah,"{'bleu': 0.05230589112462793, 'precisions': [0.875, 0.5714285714285714, 0.5, 0.4], 'brevity_penalty': 0.09301448921066349, 'length_ratio': 0.2962962962962963, 'translation_length': 8, 'reference_length': 27}","{'rouge1': np.float64(0.45161290322580644), 'rouge2': np.float64(0.27586206896551724), 'rougeL': np.float64(0.3870967741935483), 'rougeLsum': np.float64(0.3870967741935483)}",0.913084864616394,0.2454664707183838
Berapa lama waktu yang dibutuhkan untuk membangun Borobudur?,"Menurut informasi yang tersedia, waktu pembangunan Borobudur diperkirakan menghabiskan waktu 75 - 100 tahun lebih.",Sejarah,"{'bleu': 0.5450176720923848, 'precisions': [0.5882352941176471, 0.5625, 0.5333333333333333, 0.5], 'brevity_penalty': 1.0, 'length_ratio': 1.5454545454545454, 'translation_length': 17, 'reference_length': 11}","{'rouge1': np.float64(0.782608695652174), 'rouge2': np.float64(0.761904761904762), 'rougeL': np.float64(0.782608695652174), 'rougeLsum': np.float64(0.782608695652174)}",0.8909288644790649,0.2747185230255127
Siapakah raja yang memerintah pada saat Borobudur selesai dibangun?,Raja Samaratungga.,Sejarah,"{'bleu': 0.0, 'precisions': [0.6666666666666666, 0.0, 0.0, 0.0], 'brevity_penalty': 0.03567399334725241, 'length_ratio': 0.23076923076923078, 'translation_length': 3, 'reference_length': 13}","{'rouge1': np.float64(0.2666666666666667), 'rouge2': np.float64(0.15384615384615385), 'rougeL': np.float64(0.2666666666666667), 'rougeLsum': np.float64(0.2666666666666667)}",0.47526299953460693,0.22359800338745117
Mengapa Candi Borobudur sempat menyerupai sebuah bukit?,Candi Borobudur sempat menyerupai sebuah bukit karena tersembunyi dan terlantar selama berabad-abad terkubur di bawah lapisan tanah dan debu vulkanik yang kemudian ditumbuhi pohon dan semak belukar.,Sejarah,"{'bleu': 0.5236899054489664, 'precisions': [0.7142857142857143, 0.5185185185185185, 0.46153846153846156, 0.44], 'brevity_penalty': 1.0, 'length_ratio': 1.12, 'translation_length': 28, 'reference_length': 25}","{'rouge1': np.float64(0.8076923076923077), 'rouge2': np.float64(0.6), 'rougeL': np.float64(0.6923076923076924), 'rougeLsum': np.float64(0.6923076923076924)}",0.9187073707580566,0.32076478004455566
Apakah alasan pasti ditinggalkannya Borobudur sudah diketahui?,"Maaf, saya tidak tahu secara pasti alasan ditinggalkannya Borobudur. Informasi yang ada masih belum jelas dan masih ada beberapa teori yang mungkin, tetapi tidak ada jawaban pasti yang diketahui.",Sejarah,"{'bleu': 0.0, 'precisions': [0.36363636363636365, 0.125, 0.03225806451612903, 0.0], 'brevity_penalty': 1.0, 'length_ratio': 1.736842105263158, 'translation_length': 33, 'reference_length': 19}","{'rouge1': np.float64(0.4), 'rouge2': np.float64(0.18604651162790697), 'rougeL': np.float64(0.35555555555555557), 'rougeLsum': np.float64(0.35555555555555557)}",0.8426672220230103,0.31537485122680664
Apakah perpindahan ibu kota oleh Mpu Sindok ada kaitannya dengan ditinggalkannya Borobudur?,"Tidak dapat dipastikan apakah perpindahan ibu kota oleh Mpu Sindok pada tahun 928 dan 1006 ada kaitannya dengan ditinggalkannya Borobudur. Meskipun beberapa sumber menduga bahwa perpindahan ibu kota mungkin menyebabkan Borobudur mulai ditinggalkan, namun hal ini belum dapat dipastikan secara pasti.",Sejarah,"{'bleu': 0.2031034196160459, 'precisions': [0.4090909090909091, 0.2558139534883721, 0.16666666666666666, 0.0975609756097561], 'brevity_penalty': 1.0, 'length_ratio': 1.4666666666666666, 'translation_length': 44, 'reference_length': 30}","{'rouge1': np.float64(0.49275362318840576), 'rouge2': np.float64(0.29850746268656714), 'rougeL': np.float64(0.40579710144927533), 'rougeLsum': np.float64(0.40579710144927533)}",0.8768941164016724,0.3530609607696533
Bagaimana Borobudur disebutkan dalam naskah Nagarakretagama?,"Borobudur disebutkan dalam naskah Nagarakretagama oleh Mpu Prapanca pada tahun 1365. Ia menyebutkan adanya ""Wihara di Budur"" dalam naskah tersebut.",Sejarah,"{'bleu': 0.3947225751528281, 'precisions': [0.6666666666666666, 0.5217391304347826, 0.4090909090909091, 0.23809523809523808], 'brevity_penalty': 0.9200444146293233, 'length_ratio': 0.9230769230769231, 'translation_length': 24, 'reference_length': 26}","{'rouge1': np.float64(0.5909090909090908), 'rouge2': np.float64(0.42857142857142855), 'rougeL': np.float64(0.45454545454545453), 'rougeLsum': np.float64(0.45454545454545453)}",0.9519367218017578,0.4632222652435303
Apa hubungan antara perpindahan agama penduduk sekitar dan ditinggalkannya Borobudur?,"Menurut sumber yang disebutkan, Soekmono (1976) mengajukan pendapat bahwa candi Borobudur mulai benar-benar ditinggalkan sejak penduduk sekitar beralih keyakinan kepada Islam pada abad ke-15. Artinya, perpindahan agama penduduk sekitar ke Islam mungkin menjadi salah satu faktor yang menyebabkan Borobudur ditinggalkan.",Sejarah,"{'bleu': 0.2533922732210082, 'precisions': [0.5, 0.28888888888888886, 0.20454545454545456, 0.13953488372093023], 'brevity_penalty': 1.0, 'length_ratio': 1.9166666666666667, 'translation_length': 46, 'reference_length': 24}","{'rouge1': np.float64(0.65625), 'rouge2': np.float64(0.3870967741935484), 'rougeL': np.float64(0.5625), 'rougeLsum': np.float64(0.5625)}",0.9402390718460083,0.3594818115234375
"Siapa tokoh dari wangsa Sanjaya yang memberikan izin pembangunan candi-candi Buddha, dan apa bentuk dukungannya?",Tokoh dari wangsa Sanjaya yang memberikan izin pembangunan candi-candi Buddha adalah Rakai Panangkaran. Bentuk dukungannya adalah dengan memberikan desa Kalasan kepada sangha (komunitas Buddha) untuk pemeliharaan dan pembiayaan Candi Kalasan yang dibangun untuk memuliakan Bodhisattwadewi Tara.,Sejarah,"{'bleu': 0.23303171053050656, 'precisions': [0.525, 0.28205128205128205, 0.18421052631578946, 0.10810810810810811], 'brevity_penalty': 1.0, 'length_ratio': 1.2903225806451613, 'translation_length': 40, 'reference_length': 31}","{'rouge1': np.float64(0.6363636363636365), 'rouge2': np.float64(0.40625000000000006), 'rougeL': np.float64(0.48484848484848486), 'rougeLsum': np.float64(0.48484848484848486)}",0.9330340623855591,0.4471006393432617
Apa yang menunjukkan bahwa toleransi antaragama sangat dijunjung tinggi dalam masyarakat Jawa Kuno?,"Menurut teks yang Anda berikan, beberapa hal yang menunjukkan bahwa toleransi antaragama sangat dijunjung tinggi dalam masyarakat Jawa Kuno adalah:1. Raja penganut agama Hindu, Rakai Panangkaran, memberikan izin kepada umat Buddha untuk membangun candi dan bahkan menganugerahkan desa Kalasan kepada sangha (komunitas Buddha) untuk pemeliharaan dan pembiayaan Candi Kalasan.2. Pembangunan candi-candi Buddha dan candi-candi Hindu tidak pernah menjadi masalah yang dapat menuai konflik, bahkan raja dari wangsa yang berbeda agama dapat menyokong dan mendanai pembangunan candi dari agama lain.3. Terdapat suasana toleransi dan kebersamaan yang penuh kedamaian antara kedua wangsa kerajaan yang berbeda agama, yaitu wangsa Syailendra (Buddha) dan wangsa Sanjaya (Hindu).4. Pihak Sailendra juga terlibat dalam pembangunan Candi Siwa di Prambanan, yang menunjukkan",Sejarah,"{'bleu': 0.07859944822312086, 'precisions': [0.16666666666666666, 0.08759124087591241, 0.058823529411764705, 0.044444444444444446], 'brevity_penalty': 1.0, 'length_ratio': 4.0588235294117645, 'translation_length': 138, 'reference_length': 34}","{'rouge1': np.float64(0.2684563758389262), 'rouge2': np.float64(0.16326530612244897), 'rougeL': np.float64(0.24161073825503357), 'rougeLsum': np.float64(0.24161073825503357)}",0.8926618099212646,0.5567340850830078
Apa bukti adanya persaingan antara Wangsa Syailendra dan Wangsa Sanjaya?,"Bukti adanya persaingan antara Wangsa Syailendra dan Wangsa Sanjaya adalah:1. Pertempuran pada tahun 856 di perbukitan Ratu Boko, di mana Wangsa Sanjaya memenangi pertempuran tersebut. Ini menunjukkan bahwa terdapat konflik atau persaingan antara kedua wangsa kerajaan tersebut.2. Pembangunan Candi Lara Jonggrang di Prambanan oleh Rakai Pikatan, yang dipercaya sebagai jawaban Wangsa Sanjaya untuk menyaingi kemegahan Borobudur milik Wangsa Syailendra. Ini menunjukkan bahwa terdapat kompetisi atau persaingan antara kedua wangsa kerajaan tersebut dalam hal keagamaan dan arsitektur.3. Ketidakjelasan mengenai hubungan antara Wangsa Syailendra dan Wangsa Sanjaya, yang menunjukkan bahwa terdapat perbedaan pendapat atau interpretasi mengenai hubungan antara kedua wangsa kerajaan tersebut.Namun, perlu diingat bahwa terdapat juga bukti yang menunjukkan bahwa terd",Sejarah,"{'bleu': 0.10358886144298916, 'precisions': [0.2204724409448819, 0.1349206349206349, 0.08, 0.04838709677419355], 'brevity_penalty': 1.0, 'length_ratio': 3.6285714285714286, 'translation_length': 127, 'reference_length': 35}","{'rouge1': np.float64(0.3673469387755102), 'rouge2': np.float64(0.23448275862068968), 'rougeL': np.float64(0.29931972789115646), 'rougeLsum': np.float64(0.29931972789115646)}",0.8652194738388062,0.5711824893951416
Apa isi penting dari Prasasti Kalasan tahun 778 M?,"Prasasti Kalasan tahun 778 M adalah prasasti yang mengandung informasi penting tentang sejarah Jawa kuno. Isi penting dari prasasti ini adalah:1. Penghormatan Rakai Panangkaran kepada umat Buddha: Prasasti ini menyebutkan bahwa Rakai Panangkaran, raja dari wangsa Sanjaya, memberikan izin kepada umat Buddha untuk membangun candi Buddha di Kalasan.2. Pemberian desa Kalasan kepada sangha: Prasasti ini juga menyebutkan bahwa Rakai Panangkaran menganugerahkan desa Kalasan kepada sangha (komunitas Buddha) untuk pemeliharaan dan pembiayaan Candi Kalasan.3. Pembangunan Candi Kalasan untuk memuliakan Bodhisattwadewi Tara: Prasasti ini menyebutkan bahwa Candi Kalasan dibangun untuk memuliakan Bodhisattwadewi Tara, dewi Buddha yang sangat dihormati.Dengan demikian, prasasti Kalasan tahun 778 M adalah sumber penting untuk memahami sejarah Jawa kuno,",Sejarah,"{'bleu': 0.04906058789440475, 'precisions': [0.1590909090909091, 0.07633587786259542, 0.03076923076923077, 0.015503875968992248], 'brevity_penalty': 1.0, 'length_ratio': 5.28, 'translation_length': 132, 'reference_length': 25}","{'rouge1': np.float64(0.30434782608695654), 'rouge2': np.float64(0.16176470588235292), 'rougeL': np.float64(0.28985507246376807), 'rougeLsum': np.float64(0.28985507246376807)}",0.8767527341842651,0.5592882633209229
Apakah Wangsa Syailendra ikut terlibat dalam pembangunan Candi Siwa di Prambanan?,"Ya, menurut teks yang disebutkan, Wangsa Syailendra juga terlibat dalam pembangunan Candi Siwa di Prambanan.",Sejarah,"{'bleu': 0.0846682938349889, 'precisions': [0.6111111111111112, 0.29411764705882354, 0.1875, 0.06666666666666667], 'brevity_penalty': 0.3888955639892228, 'length_ratio': 0.5142857142857142, 'translation_length': 18, 'reference_length': 35}","{'rouge1': np.float64(0.3404255319148936), 'rouge2': np.float64(0.2222222222222222), 'rougeL': np.float64(0.1702127659574468), 'rougeLsum': np.float64(0.1702127659574468)}",0.8007980585098267,0.37547945976257324
Mengapa nama “Borobudur” dianggap misterius dalam sejarah?,"Nama ""Borobudur"" dianggap misterius dalam sejarah karena tidak ada bukti tertulis kuno yang secara jelas menyebutkan asal muasal nama ini.",Sejarah,"{'bleu': 0.3904918831180808, 'precisions': [0.6086956521739131, 0.45454545454545453, 0.3333333333333333, 0.3], 'brevity_penalty': 0.9574533680683809, 'length_ratio': 0.9583333333333334, 'translation_length': 23, 'reference_length': 24}","{'rouge1': np.float64(0.7906976744186046), 'rouge2': np.float64(0.6341463414634148), 'rougeL': np.float64(0.6046511627906976), 'rougeLsum': np.float64(0.6046511627906976)}",0.8926221132278442,0.23877453804016113
Dokumen kuno apa yang pertama kali menyebut eksistensi Candi Borobudur?,"Dokumen kuno yang pertama kali menyebut eksistensi Candi Borobudur adalah kitab Nagara Kertagama, sebuah karya monumental yang dihasilkan oleh Mpu Prapanca pada tahun 1365 Masehi.",Sejarah,"{'bleu': 0.1998573974138024, 'precisions': [0.4444444444444444, 0.2692307692307692, 0.16, 0.08333333333333333], 'brevity_penalty': 1.0, 'length_ratio': 1.5, 'translation_length': 27, 'reference_length': 18}","{'rouge1': np.float64(0.5714285714285713), 'rouge2': np.float64(0.4), 'rougeL': np.float64(0.5714285714285713), 'rougeLsum': np.float64(0.5714285714285713)}",0.9116287231445312,0.2806389331817627
Pada masa dinasti dan agama apa Candi Borobudur dibangun?,"Candi Borobudur dibangun pada masa Dinasti Syailendra, yang beragama Buddha, dan lebih spesifiknya adalah pada aliran Buddha Mahayana.",Sejarah,"{'bleu': 0.3288580454955831, 'precisions': [0.5714285714285714, 0.35, 0.2631578947368421, 0.2222222222222222], 'brevity_penalty': 1.0, 'length_ratio': 1.1666666666666667, 'translation_length': 21, 'reference_length': 18}","{'rouge1': np.float64(0.5714285714285715), 'rouge2': np.float64(0.48484848484848486), 'rougeL': np.float64(0.5714285714285715), 'rougeLsum': np.float64(0.5714285714285715)}",0.9258022904396057,0.27357029914855957
Siapa raja yang memulai pembangunan Candi Borobudur dan siapa yang menyelesaikannya?,"Menurut informasi yang ada, Candi Borobudur dibangun pada masa Dinasti Syailendra yang beragama Buddha. Raja Samaratungga adalah raja yang memerintah saat itu dan Candi Borobudur dibangun pada zaman keemasannya. Namun, tidak ada informasi yang jelas tentang siapa yang memulai pembangunan Candi Borobudur.Tapi menurut informasi yang ada, Candi Borobudur diselesaikan oleh anak perempuan Raja Samaratungga, yaitu Pramodawardhani.",Sejarah,"{'bleu': 0.0, 'precisions': [0.15384615384615385, 0.0625, 0.0, 0.0], 'brevity_penalty': 1.0, 'length_ratio': 4.642857142857143, 'translation_length': 65, 'reference_length': 14}","{'rouge1': np.float64(0.2608695652173913), 'rouge2': np.float64(0.11940298507462686), 'rougeL': np.float64(0.2318840579710145), 'rougeLsum': np.float64(0.2318840579710145)}",0.8308268785476685,0.3781278133392334
"Siapa dua dinasti yang berkuasa di Jawa saat Candi Borobudur dibangun, dan apa perbedaan agama mereka?","Dua dinasti yang berkuasa di Jawa saat Candi Borobudur dibangun adalah Dinasti Sanjaya dan Dinasti Syailendra. Dinasti Sanjaya beragama Hindu, sedangkan Dinasti Syailendra beragama Buddha, khususnya aliran Buddha Mahayana.",Sejarah,"{'bleu': 0.1756572931374891, 'precisions': [0.5151515151515151, 0.34375, 0.16129032258064516, 0.03333333333333333], 'brevity_penalty': 1.0, 'length_ratio': 1.65, 'translation_length': 33, 'reference_length': 20}","{'rouge1': np.float64(0.6666666666666666), 'rouge2': np.float64(0.43478260869565216), 'rougeL': np.float64(0.625), 'rougeLsum': np.float64(0.625)}",0.913652777671814,0.3040323257446289
Apakah Candi Borobudur memiliki prasasti khusus yang menjelaskan secara langsung pembangunan candi tersebut?,"Maaf, saya tidak memiliki informasi yang jelas tentang prasasti khusus yang menjelaskan pembangunan Candi Borobudur secara langsung. Saya hanya tahu bahwa Candi Borobudur tidak memiliki prasasti sendiri yang memberikan teori khusus mengenai pembangunan candi, tetapi ada beberapa prasasti lain yang berkaitan dan menggambarkan tentang konteks sejarah serta kebudayaan pada saat itu.",Sejarah,"{'bleu': 0.22664937309394084, 'precisions': [0.45454545454545453, 0.2962962962962963, 0.16981132075471697, 0.11538461538461539], 'brevity_penalty': 1.0, 'length_ratio': 1.7741935483870968, 'translation_length': 55, 'reference_length': 31}","{'rouge1': np.float64(0.5822784810126583), 'rouge2': np.float64(0.36363636363636365), 'rougeL': np.float64(0.48101265822784806), 'rougeLsum': np.float64(0.48101265822784806)}",0.8777588605880737,0.6975045204162598
Apa isi penting dari Prasasti Karangtengah (Kayumwungan) terkait Candi Borobudur?,"Prasasti Kayumwungan/Karangtengah berisikan pengukuhan candi Borobudur serta pujian-pujian kepada Raja Samaratuṅga dan Pangeran Putri Prāmodavarddhanī dengan menggunakan istilah-istilah mahājñānapuṇya, bhakti, dan buddhacarita.",Sejarah,"{'bleu': 0.2792144566946552, 'precisions': [0.5925925925925926, 0.3076923076923077, 0.2, 0.16666666666666666], 'brevity_penalty': 1.0, 'length_ratio': 1.0384615384615385, 'translation_length': 27, 'reference_length': 26}","{'rouge1': np.float64(0.6909090909090909), 'rouge2': np.float64(0.4528301886792453), 'rougeL': np.float64(0.6909090909090909), 'rougeLsum': np.float64(0.6909090909090909)}",0.9348189830780029,0.9841337203979492
Kitab apa yang dapat membantu memahami istilah dalam prasasti Karangtengah?,Kitab yang dapat membantu memahami istilah dalam prasasti Karangtengah adalah kitab Saṅ Hyaṅ Kamahāyānikan.,Sejarah,"{'bleu': 0.07693656982658191, 'precisions': [0.5333333333333333, 0.21428571428571427, 0.15384615384615385, 0.08333333333333333], 'brevity_penalty': 0.39324072086859835, 'length_ratio': 0.5172413793103449, 'translation_length': 15, 'reference_length': 29}","{'rouge1': np.float64(0.4489795918367347), 'rouge2': np.float64(0.3404255319148936), 'rougeL': np.float64(0.40816326530612246), 'rougeLsum': np.float64(0.40816326530612246)}",0.8268083333969116,0.25136470794677734
Sebutkan beberapa prasasti yang berkaitan dengan konteks sejarah Candi Borobudur.,Beberapa prasasti yang berkaitan dengan konteks sejarah Candi Borobudur adalah:1. Prasasti Karangtengah/Kayumwungan2. Prasasti Kunjarakunja3. Prasasti Keprabon4. Prasasti Canggal5. Prasasti Tri TepusanMereka semua memiliki informasi yang relevan tentang sejarah dan kebudayaan pada saat pembangunan Candi Borobudur.,Sejarah,"{'bleu': 0.05381887058206484, 'precisions': [0.1111111111111111, 0.06818181818181818, 0.046511627906976744, 0.023809523809523808], 'brevity_penalty': 1.0, 'length_ratio': 6.428571428571429, 'translation_length': 45, 'reference_length': 7}","{'rouge1': np.float64(0.18604651162790697), 'rouge2': np.float64(0.14634146341463414), 'rougeL': np.float64(0.18604651162790697), 'rougeLsum': np.float64(0.18604651162790697)}",0.4738292992115021,0.5294878482818604
Apa nama lain dari Prasasti Tri Tepusan yang berkaitan dengan sejarah Borobudur?,Saya tidak tahu nama lain dari Prasasti Tri Tepusan yang berkaitan dengan sejarah Borobudur.,Sejarah,"{'bleu': 0.0, 'precisions': [0.4, 0.14285714285714285, 0.07692307692307693, 0.0], 'brevity_penalty': 1.0, 'length_ratio': 1.3636363636363635, 'translation_length': 15, 'reference_length': 11}","{'rouge1': np.float64(0.41666666666666663), 'rouge2': np.float64(0.18181818181818185), 'rougeL': np.float64(0.3333333333333333), 'rougeLsum': np.float64(0.3333333333333333)}",0.6780539751052856,0.24198174476623535
Siapa yang membangun Candi Borobudur dan apa tujuan utama pembangunannya?,"Candi Borobudur dibangun oleh Dinasti Shailendra pada abad ke-8 dan ke-9. Tujuan utama pembangunannya adalah sebagai penghargaan untuk kemuliaan Buddha dan sebagai situs keagamaan bagi umat Buddha. Selain itu, pembangunan Candi Borobudur juga direncanakan secara strategis untuk menahan bencana alam seperti badai, gempa bumi, dan banjir.",Sejarah,"{'bleu': 0.0, 'precisions': [0.0, 0.0, 0.0, 0.0], 'brevity_penalty': 1.0, 'length_ratio': 10.4, 'translation_length': 52, 'reference_length': 5}","{'rouge1': np.float64(0.0), 'rouge2': np.float64(0.0), 'rougeL': np.float64(0.0), 'rougeLsum': np.float64(0.0)}",0.3421742022037506,0.3648488521575928
"Dari mana asal-usul nama ""Borobudur"" diyakini berasal?","Nama ""Borobudur"" diyakini berasal dari kata-kata Sansekerta ""vihara Buddha uhr,"" yang berarti ""biara Buddha di atas bukit"".",Sejarah,"{'bleu': 0.7476211907073946, 'precisions': [0.96, 0.7916666666666666, 0.6956521739130435, 0.5909090909090909], 'brevity_penalty': 1.0, 'length_ratio': 1.0, 'translation_length': 25, 'reference_length': 25}","{'rouge1': np.float64(0.9714285714285714), 'rouge2': np.float64(0.9696969696969697), 'rougeL': np.float64(0.9714285714285714), 'rougeLsum': np.float64(0.9714285714285714)}",0.9963922500610352,0.2845335006713867
Bagaimana desain arsitektur Candi Borobudur dibuat agar tahan terhadap bencana alam?,"Desain arsitektur Candi Borobudur dibuat agar tahan terhadap bencana alam seperti badai, gempa bumi, dan banjir dengan beberapa strategi yang efektif. Berikut beberapa hal yang membuat Candi Borobudur tahan terhadap bencana alam:1. **Struktur Piramida**: Candi Borobudur memiliki struktur seperti piramida, dengan dasar yang lebih lebar dan bagian atas yang meruncing. Desain ini memastikan stabilitas dan umur panjangnya, karena dapat menahan tekanan dari luar dan mengurangi dampak dari gempa bumi.2. **Tahan terhadap Badai**: Struktur Candi Borobudur juga dirancang untuk menahan badai. Dengan dasar yang lebih lebar, bangunan dapat menahan angin kencang dan hujan deras.3. **Tahan terhadap Banjir**: Candi Borobudur juga dirancang untuk menahan banjir. Dengan tinggi bangunan yang lebih tinggi dari sekitarnya, bangunan dapat menahan air dan melindungi diri dari",Sejarah,"{'bleu': 0.06540443356248078, 'precisions': [0.17647058823529413, 0.1118421052631579, 0.046357615894039736, 0.02], 'brevity_penalty': 1.0, 'length_ratio': 5.1, 'translation_length': 153, 'reference_length': 30}","{'rouge1': np.float64(0.3108108108108108), 'rouge2': np.float64(0.1917808219178082), 'rougeL': np.float64(0.2702702702702703), 'rougeLsum': np.float64(0.2702702702702703)}",0.8682721853256226,0.5750057697296143
Kapan Candi Borobudur ditemukan kembali setelah lama ditinggalkan?,Candi Borobudur ditemukan kembali pada abad ke-19.,Sejarah,"{'bleu': 0.24909923021496896, 'precisions': [1.0, 0.8571428571428571, 0.8333333333333334, 0.8], 'brevity_penalty': 0.2865047968601901, 'length_ratio': 0.4444444444444444, 'translation_length': 8, 'reference_length': 18}","{'rouge1': np.float64(0.5925925925925926), 'rouge2': np.float64(0.56), 'rougeL': np.float64(0.5925925925925926), 'rougeLsum': np.float64(0.5925925925925926)}",0.8359367251396179,0.5086843967437744
Mengapa Candi Borobudur diakui sebagai salah satu keajaiban dunia?,"Candi Borobudur diakui sebagai salah satu keajaiban dunia karena beberapa alasan. Pertama, arsitektur dan konstruksi candi ini menampilkan pengetahuan dan keterampilan lanjutan budaya Indonesia pada abad ke-8 dan ke-9. Strukturnya yang seperti piramida, dengan dasar yang lebih lebar dan bagian atas yang meruncing, memastikan stabilitas dan umur panjangnya.Selain itu, Candi Borobudur juga memiliki nilai sejarah dan kebudayaan yang sangat tinggi. Candi ini bukan hanya situs keagamaan tetapi juga penghargaan untuk kemuliaan Buddha. Nama ""Borobudur"" diyakini berasal dari kata-kata Sansekerta ""vihara Buddha uhr,"" yang berarti ""biara Buddha di atas bukit"".Candi Borobudur juga memiliki nilai estetika yang sangat tinggi. Dengan lebih dari 2.600 relief dan 504 Buddha, candi ini menampilkan keindahan dan kekayaan budaya Indonesia. Oleh karena itu, Candi Borobudur diakui sebagai salah satu ke",Sejarah,"{'bleu': 0.0, 'precisions': [0.10273972602739725, 0.006896551724137931, 0.0, 0.0], 'brevity_penalty': 1.0, 'length_ratio': 6.636363636363637, 'translation_length': 146, 'reference_length': 22}","{'rouge1': np.float64(0.18791946308724833), 'rouge2': np.float64(0.013605442176870748), 'rougeL': np.float64(0.1342281879194631), 'rougeLsum': np.float64(0.1342281879194631)}",0.6202871799468994,0.8063669204711914
Apa hubungan antara Sri Maharaja Samaratungga dan wangsa Syailendra?,Sri Maharaja Samaratungga memiliki akar kebangsawanan yang terhormat dalam wangsa Syailendra.,Sejarah,"{'bleu': 0.0, 'precisions': [0.75, 0.36363636363636365, 0.1, 0.0], 'brevity_penalty': 0.36787944117144233, 'length_ratio': 0.5, 'translation_length': 12, 'reference_length': 24}","{'rouge1': np.float64(0.4848484848484849), 'rouge2': np.float64(0.25806451612903225), 'rougeL': np.float64(0.3636363636363636), 'rougeLsum': np.float64(0.3636363636363636)}",0.8451313972473145,0.2783236503601074
Mengapa Kerajaan Mataram Kuno dianggap sebagai pusat peradaban penting di Nusantara?,"Kerajaan Mataram Kuno dianggap sebagai pusat peradaban penting di Nusantara karena beberapa alasan. Pertama, kerajaan ini memiliki akar kebangsawanan yang terhormat dalam wangsa Syailendra, yang memiliki pengaruh mendalam terhadap pemerintahan dan perkembangan budaya pada masa itu. Kedua, kerajaan ini melahirkan penguasa yang bijaksana dan berpengaruh seperti Sri Maharaja Samaratungga, yang memainkan peran penting dalam mengukir sejarah kerajaan. Ketiga, kerajaan ini merupakan pusat kebudayaan dan peradaban di Nusantara, yang menunjukkan keberhasilannya dalam membangun dan mengembangkan peradaban pada masa itu.Namun, saya tidak dapat memberikan jawaban yang lebih spesifik mengenai mengapa Kerajaan Mataram Kuno dianggap sebagai pusat peradaban penting di Nusantara karena tidak ada informasi yang cukup untuk menjawab pertanyaan tersebut.",Sejarah,"{'bleu': 0.027697872721560022, 'precisions': [0.12396694214876033, 0.03333333333333333, 0.01680672268907563, 0.00847457627118644], 'brevity_penalty': 1.0, 'length_ratio': 4.653846153846154, 'translation_length': 121, 'reference_length': 26}","{'rouge1': np.float64(0.18181818181818182), 'rouge2': np.float64(0.061538461538461535), 'rougeL': np.float64(0.13636363636363635), 'rougeLsum': np.float64(0.13636363636363635)}",0.659923791885376,0.5399360656738281
Bagaimana Sri Maharaja Samaratungga memadukan kebijaksanaan politik dan spiritualitas dalam pemerintahannya?,"Maaf, saya tidak memiliki informasi yang cukup tentang bagaimana Sri Maharaja Samaratungga memadukan kebijaksanaan politik dan spiritualitas dalam pemerintahannya. Saya tidak memiliki pengetahuan yang spesifik tentang hal ini, dan saya tidak ingin memberikan jawaban yang tidak akurat. Jika Anda memiliki informasi lebih lanjut tentang topik ini, saya akan senang membantu Anda menjelaskannya.",Sejarah,"{'bleu': 0.0, 'precisions': [0.10344827586206896, 0.0, 0.0, 0.0], 'brevity_penalty': 1.0, 'length_ratio': 2.1481481481481484, 'translation_length': 58, 'reference_length': 27}","{'rouge1': np.float64(0.1038961038961039), 'rouge2': np.float64(0.0), 'rougeL': np.float64(0.1038961038961039), 'rougeLsum': np.float64(0.1038961038961039)}",0.3884768486022949,0.352020263671875
Apa peran penting Samaratungga dalam sejarah kerajaan Mataram Kuno?,"Samaratungga memainkan peran penting dalam mengukir sejarah kerajaan Mataram Kuno. Ia berhasil memimpin dan membangun kerajaan, yang menjadi cermin dari warisan keluarga dan kecakapan kepemimpinannya.",Sejarah,"{'bleu': 0.0, 'precisions': [0.42857142857142855, 0.1111111111111111, 0.038461538461538464, 0.0], 'brevity_penalty': 1.0, 'length_ratio': 1.037037037037037, 'translation_length': 28, 'reference_length': 27}","{'rouge1': np.float64(0.4000000000000001), 'rouge2': np.float64(0.125), 'rougeL': np.float64(0.36), 'rougeLsum': np.float64(0.36)}",0.6505004167556763,0.294464111328125
Apa agama yang dijunjung tinggi oleh wangsa Syailendra dan bagaimana pengaruhnya dalam pemerintahan Samaratungga?,"Menurut teks yang disediakan, wangsa Syailendra dikenal sebagai pelindung agama Buddha. Hal ini menunjukkan bahwa agama Buddha memiliki peran penting dalam kehidupan dan pemerintahan keluarga Syailendra.Dalam pemerintahan Samaratungga, pengaruh agama Buddha dapat dilihat dalam beberapa aspek:1. Pengaruh spiritualitas: Melalui perpaduan kebijaksanaan politik dan spiritualitas, Samaratungga dan keluarganya menciptakan tonggak sejarah yang tak terlupakan dalam perjalanan kerajaan Mataram Kuno di pulau Jawa. Hal ini menunjukkan bahwa agama Buddha memiliki peran penting dalam membentuk kepribadian dan kebijaksanaan Samaratungga.2. Pengaruh dalam pemerintahan: Sebagai pelindung agama Buddha, wangsa Syailendra memiliki pengaruh mendalam dalam pemerintahan Samaratungga. Hal ini dapat dilihat dalam cara Samaratungga memimpin dan membangun kerajaan, yang merupakan cermin dari warisan keluarga dan kecak",Sejarah,"{'bleu': 0.0, 'precisions': [0.09375, 0.03937007874015748, 0.015873015873015872, 0.0], 'brevity_penalty': 1.0, 'length_ratio': 4.571428571428571, 'translation_length': 128, 'reference_length': 28}","{'rouge1': np.float64(0.1313868613138686), 'rouge2': np.float64(0.044444444444444446), 'rougeL': np.float64(0.11678832116788322), 'rougeLsum': np.float64(0.11678832116788322)}",0.7645918130874634,0.5867507457733154
Mengapa terdapat kesimpangsiuran mengenai agama yang dianut raja-raja Jawa pada masa pembangunan Borobudur?,"Kesimpangsiuran mengenai agama yang dianut raja-raja Jawa pada masa pembangunan Borobudur disebabkan oleh adanya bukti-bukti yang berbeda-beda tentang agama yang dianut oleh raja-raja tersebut. Pada satu sisi, Wangsa Sailendra diketahui sebagai penganut agama Buddha aliran Mahayana yang taat. Namun, melalui temuan prasasti Sojomerto, terungkap bahwa mereka mungkin awalnya beragama Hindu Siwa. Hal ini menunjukkan bahwa raja-raja Jawa pada masa itu mungkin memiliki peran yang kompleks dalam pengembangan agama di Jawa, dan tidak dapat dipastikan dengan jelas mana agama yang mereka anut.",Sejarah,"{'bleu': 0.08486835810567127, 'precisions': [0.21348314606741572, 0.09090909090909091, 0.05747126436781609, 0.046511627906976744], 'brevity_penalty': 1.0, 'length_ratio': 3.0689655172413794, 'translation_length': 89, 'reference_length': 29}","{'rouge1': np.float64(0.32142857142857145), 'rouge2': np.float64(0.1818181818181818), 'rougeL': np.float64(0.2857142857142857), 'rougeLsum': np.float64(0.2857142857142857)}",0.8257600665092468,0.44991350173950195
Apa isi Prasasti Canggal dan apa hubungannya dengan Raja Sanjaya?,"Prasasti Canggal adalah sebuah prasasti yang ditemukan di Desa Canggal, Kecamatan Banyubiru, Kabupaten Semarang, Jawa Tengah. Prasasti ini diperkirakan dibuat pada tahun 732 M dan merupakan salah satu sumber sejarah penting tentang kerajaan Hindu di Jawa.Isi prasasti Canggal adalah tentang pernyataan agama dan kekuasaan Raja Sanjaya. Raja Sanjaya menyatakan bahwa ia adalah seorang penganut agama Siwa dan bahwa ia telah membangun bangunan suci Shiwalingga di perbukitan Gunung Wukir. Pernyataan ini menunjukkan bahwa Raja Sanjaya adalah seorang penganut agama Hindu Siwa dan bahwa ia telah membangun sebuah bangunan suci untuk menghormati dewa Siwa.Hubungan antara Prasasti Canggal dan Raja Sanjaya adalah bahwa prasasti ini merupakan bukti kekuasaan dan agama Raja Sanjaya. Prasasti ini menunjukkan bahwa Raja Sanjaya adalah seorang penguasa yang ku",Sejarah,"{'bleu': 0.04541289756901166, 'precisions': [0.17557251908396945, 0.1, 0.031007751937984496, 0.0078125], 'brevity_penalty': 1.0, 'length_ratio': 4.517241379310345, 'translation_length': 131, 'reference_length': 29}","{'rouge1': np.float64(0.2818791946308725), 'rouge2': np.float64(0.163265306122449), 'rougeL': np.float64(0.2550335570469799), 'rougeLsum': np.float64(0.2550335570469799)}",0.903095006942749,0.5667209625244141
Kapan Candi Borobudur dibangun dan bagaimana waktunya dibandingkan dengan pembangunan Candi Prambanan?,"Candi Borobudur dibangun pada kurun waktu yang hampir bersamaan dengan candi-candi di Dataran Prambanan. Namun, Candi Borobudur diperkirakan sudah rampung sekitar 825 M, dua puluh lima tahun lebih awal sebelum dimulainya pembangunan candi Siwa Prambanan sekitar tahun 850 M.Jadi, secara kronologis, pembangunan Candi Borobudur terjadi sebelum pembangunan Candi Prambanan.",Sejarah,"{'bleu': 0.11898263078627454, 'precisions': [0.3333333333333333, 0.17857142857142858, 0.09090909090909091, 0.037037037037037035], 'brevity_penalty': 1.0, 'length_ratio': 2.375, 'translation_length': 57, 'reference_length': 24}","{'rouge1': np.float64(0.4657534246575343), 'rouge2': np.float64(0.2535211267605634), 'rougeL': np.float64(0.4383561643835617), 'rougeLsum': np.float64(0.4383561643835617)}",0.95051109790802,0.40560150146484375
Apa keunikan Dataran Kedu dalam konteks pembangunan candi pada masa Jawa Kuno?,"Dataran Kedu memiliki keunikan dalam konteks pembangunan candi pada masa Jawa Kuno karena merupakan salah satu daerah yang memiliki keberagaman agama Hindu dan Buddha pada saat itu. Dataran Kedu merupakan tempat yang strategis karena terletak di antara candi-candi Buddha seperti Borobudur dan candi-candi Hindu seperti Dataran Prambanan. Hal ini menunjukkan bahwa pada kurun waktu itu, terdapat perpaduan antara kebudayaan Hindu dan Buddha di Jawa.Selain itu, Dataran Kedu juga merupakan tempat yang memiliki keunikan dalam hal arsitektur candi. Candi-candi di Dataran Kedu memiliki gaya arsitektur yang unik dan menarik, dengan perpaduan antara elemen-elemen Hindu dan Buddha. Hal ini menunjukkan bahwa pada saat itu, terdapat sinergi antara kebudayaan Hindu dan Buddha dalam hal arsitektur candi.Dengan demikian, Dataran Kedu memiliki keunikan dalam konteks pembangunan candi pada masa Jawa Kuno karena merupakan salah satu daerah yang memiliki keber",Sejarah,"{'bleu': 0.03176077121714522, 'precisions': [0.1292517006802721, 0.0547945205479452, 0.020689655172413793, 0.006944444444444444], 'brevity_penalty': 1.0, 'length_ratio': 5.25, 'translation_length': 147, 'reference_length': 28}","{'rouge1': np.float64(0.20481927710843373), 'rouge2': np.float64(0.10975609756097561), 'rougeL': np.float64(0.18072289156626506), 'rougeLsum': np.float64(0.18072289156626506)}",0.9174377918243408,0.9123530387878418
Apa perbedaan utama antara Candi Borobudur dan Candi Prambanan dari sisi agama dan waktu pembangunan?,"Berdasarkan informasi yang ada, perbedaan utama antara Candi Borobudur dan Candi Prambanan dari sisi agama adalah:- Candi Borobudur merupakan candi Buddha yang dibangun pada kurun waktu sekitar 825 M, sedangkan- Candi Prambanan merupakan candi Hindu yang dibangun pada kurun waktu sekitar tahun 850 M.Dengan demikian, Candi Borobudur dan Candi Prambanan memiliki perbedaan agama yang signifikan, yaitu Buddha dan Hindu.",Sejarah,"{'bleu': 0.1140938749190597, 'precisions': [0.3382352941176471, 0.1791044776119403, 0.09090909090909091, 0.03076923076923077], 'brevity_penalty': 1.0, 'length_ratio': 2.0, 'translation_length': 68, 'reference_length': 34}","{'rouge1': np.float64(0.4565217391304347), 'rouge2': np.float64(0.2666666666666667), 'rougeL': np.float64(0.43478260869565216), 'rougeLsum': np.float64(0.43478260869565216)}",0.8460519313812256,0.5055317878723145
Apa makna filosofis dari pembangunan Candi Borobudur menurut ajaran Buddha Mahayana?,"Maaf, saya tidak memiliki informasi yang cukup untuk menjawab pertanyaan Anda tentang makna filosofis pembangunan Candi Borobudur menurut ajaran Buddha Mahayana. Informasi yang saya miliki hanya menyebutkan bahwa Candi Borobudur merupakan simbol dari 10 jalan Bodhisattva (Daśaboddhisattvabhūmi) yang harus ditempuh oleh seseorang mencapai tingkat Ke-Buddhaan tertinggi dalam ajaran Buddha Mahayana. Namun, saya tidak memiliki informasi lebih lanjut tentang makna filosofisnya.",Sejarah,"{'bleu': 0.18824566234856405, 'precisions': [0.3283582089552239, 0.22727272727272727, 0.15384615384615385, 0.109375], 'brevity_penalty': 1.0, 'length_ratio': 2.392857142857143, 'translation_length': 67, 'reference_length': 28}","{'rouge1': np.float64(0.4888888888888889), 'rouge2': np.float64(0.38636363636363635), 'rougeL': np.float64(0.4666666666666666), 'rougeLsum': np.float64(0.4666666666666666)}",0.774695634841919,0.38915109634399414
Siapa yang membangun Candi Borobudur dan pada masa kapan pembangunannya dilakukan?,"Candi Borobudur dibangun oleh wangsa Syailendra pada abad VIII-IX, tahun 760-780.",Sejarah,"{'bleu': 0.45098395484795817, 'precisions': [0.7333333333333333, 0.5, 0.46153846153846156, 0.4166666666666667], 'brevity_penalty': 0.8751733190429475, 'length_ratio': 0.8823529411764706, 'translation_length': 15, 'reference_length': 17}","{'rouge1': np.float64(0.7096774193548387), 'rouge2': np.float64(0.6206896551724139), 'rougeL': np.float64(0.7096774193548387), 'rougeLsum': np.float64(0.7096774193548387)}",0.9832974672317505,0.23586750030517578
Apa yang dimaksud dengan Mahayana-marga dalam konteks pembangunan Borobudur?,"Mohon maaf, saya tidak memiliki informasi yang jelas tentang apa yang dimaksud dengan ""Mahayana-marga"" dalam konteks pembangunan Borobudur. Saya tidak memiliki penjelasan yang spesifik tentang istilah ini dalam teks yang diberikan. Jika Anda memiliki informasi lebih lanjut atau konteks yang lebih luas, saya dapat mencoba membantu Anda menjelaskannya.",Sejarah,"{'bleu': 0.0, 'precisions': [0.14545454545454545, 0.018518518518518517, 0.0, 0.0], 'brevity_penalty': 1.0, 'length_ratio': 2.1153846153846154, 'translation_length': 55, 'reference_length': 26}","{'rouge1': np.float64(0.18918918918918917), 'rouge2': np.float64(0.027777777777777776), 'rougeL': np.float64(0.13513513513513514), 'rougeLsum': np.float64(0.13513513513513514)}",0.40875113010406494,0.3818972110748291
Siapa yang menemukan kembali Candi Borobudur dan pada tahun berapa?,"Maaf, saya tidak memiliki informasi yang jelas tentang siapa yang menemukan kembali Candi Borobudur dan pada tahun berapa. Informasi yang saya miliki hanya menyebutkan bahwa Candi Borobudur ditemukan pada abad ke-19 oleh Sir Thomas Stamford Raffles pada tahun 1814, tetapi tidak menyebutkan tentang penemuan kembali. Jadi, saya tidak bisa memberikan jawaban yang pasti tentang pertanyaan tersebut.",Sejarah,"{'bleu': 0.1496790856913505, 'precisions': [0.22580645161290322, 0.16393442622950818, 0.13333333333333333, 0.1016949152542373], 'brevity_penalty': 1.0, 'length_ratio': 2.6956521739130435, 'translation_length': 62, 'reference_length': 23}","{'rouge1': np.float64(0.3076923076923077), 'rouge2': np.float64(0.2368421052631579), 'rougeL': np.float64(0.282051282051282), 'rougeLsum': np.float64(0.282051282051282)}",0.474705308675766,0.3589324951171875
Apa peran Prasasti Nalanda dalam menjelaskan makna pembangunan Candi Borobudur?,"Prasasti Nalanda merupakan sumber informasi penting dalam menjelaskan makna pembangunan Candi Borobudur. Menurut prasasti tersebut, Candi Borobudur dibangun sebagai simbol dari 10 jalan Bodhisattva (Daśaboddhisattvabhūmi) dalam ajaran Buddha Mahayana. Prasasti ini menjelaskan bahwa Candi Borobudur memiliki makna spiritual yang mendalam, yaitu sebagai jalan untuk mencapai tingkat Ke-Buddhaan tertinggi.Namun, saya tidak memiliki informasi lebih lanjut tentang prasasti ini dan perannya dalam menjelaskan makna pembangunan Candi Borobudur secara lebih rinci.",Sejarah,"{'bleu': 0.1002370755691112, 'precisions': [0.23076923076923078, 0.1038961038961039, 0.07894736842105263, 0.05333333333333334], 'brevity_penalty': 1.0, 'length_ratio': 3.25, 'translation_length': 78, 'reference_length': 24}","{'rouge1': np.float64(0.3404255319148936), 'rouge2': np.float64(0.17391304347826086), 'rougeL': np.float64(0.2553191489361702), 'rougeLsum': np.float64(0.2553191489361702)}",0.8467720746994019,0.4263491630554199
